"run","member","window","h","crps","logdens"
"lp","ar4","covid_origins",1,0.629922076738215,-Inf
"none","ar4","covid_origins",1,0.681433185486966,-Inf
"lp","combo_bma","covid_origins",1,0.909162026487479,-7.55956397361306
"none","combo_bma","covid_origins",1,0.918493855112037,-7.64025140442315
"lp","combo_equal","covid_origins",1,0.587956056894806,-5.82410041900003
"none","combo_equal","covid_origins",1,0.58941843484401,-5.8527245152196
"lp","combo_logscore","covid_origins",1,0.753143574246701,-5.97590990513977
"none","combo_logscore","covid_origins",1,0.776102164338662,-6.04545614869818
"lp","combo_pool","covid_origins",1,0.593861114198548,-5.86205440443419
"none","combo_pool","covid_origins",1,0.603154879575915,-5.92562526814326
"lp","medium_conj","covid_origins",1,0.676773416052786,-Inf
"none","medium_conj","covid_origins",1,0.644411424494418,-Inf
"lp","medium_minn","covid_origins",1,0.57825553826237,-14.6677007079236
"none","medium_minn","covid_origins",1,0.57825553826237,-14.6677007079236
"lp","rw","covid_origins",1,0.794633458931224,-Inf
"none","rw","covid_origins",1,0.793398806856594,-16.0152842912748
"lp","small_loose_p5","covid_origins",1,0.598351305194805,-21.5794474014678
"none","small_loose_p5","covid_origins",1,0.606602156081475,-21.655384165428
"lp","small_minn","covid_origins",1,0.615527026734094,-20.3019568127386
"none","small_minn","covid_origins",1,0.608842920275913,-20.1621764578559
"lp","small_ss","covid_origins",1,0.607498112003897,-19.357612488328
"none","small_ss","covid_origins",1,0.61050790538939,-19.4661149914444
"lp","small_sv","covid_origins",1,0.590234559479644,-13.8736969774825
"none","small_sv","covid_origins",1,0.590234559479644,-13.8736969774825
"lp","small_tight","covid_origins",1,0.656613523794327,-Inf
"none","small_tight","covid_origins",1,0.65410692721018,-Inf
"lp","ucmean","covid_origins",1,1.25122284167039,-Inf
"none","ucmean","covid_origins",1,1.27795211137839,-Inf
"lp","ucsv","covid_origins",1,0.69548177891512,-16.3930498887127
"none","ucsv","covid_origins",1,0.69548177891512,-16.3930498887127
"lp","ar4","other_origins",1,0.139269425000215,-0.038943495427441
"none","ar4","other_origins",1,0.145711576882584,-0.0616499112109713
"lp","combo_bma","other_origins",1,0.18977606004925,0.0578329553334776
"none","combo_bma","other_origins",1,0.189746852126413,0.0386544134191277
"lp","combo_equal","other_origins",1,0.123999077187799,0.10416018055335
"none","combo_equal","other_origins",1,0.129359765256434,0.0760372809634415
"lp","combo_logscore","other_origins",1,0.158243678616647,0.0824613061430564
"none","combo_logscore","other_origins",1,0.167597954604037,0.0381247424973955
"lp","combo_pool","other_origins",1,0.119551106921131,0.180926906871916
"none","combo_pool","other_origins",1,0.120029314142169,0.176025495696142
"lp","medium_conj","other_origins",1,0.118397228522889,0.151267302830757
"none","medium_conj","other_origins",1,0.127829643308116,0.106904589058367
"lp","medium_minn","other_origins",1,0.105900452290037,0.292051072666148
"none","medium_minn","other_origins",1,0.105900452290037,0.292051072666148
"lp","rw","other_origins",1,0.1427495615154,-0.0571736119669757
"none","rw","other_origins",1,0.154164373246759,-0.107148482427129
"lp","small_loose_p5","other_origins",1,0.123742081127671,0.131249144630752
"none","small_loose_p5","other_origins",1,0.135277853610783,0.0767516274576415
"lp","small_minn","other_origins",1,0.1159927776259,0.159870898720486
"none","small_minn","other_origins",1,0.124529746545734,0.112826096451682
"lp","small_ss","other_origins",1,0.117014388930499,0.144145689562683
"none","small_ss","other_origins",1,0.127466265387316,0.0804240234622898
"lp","small_sv","other_origins",1,0.1132842826467,0.145726503701457
"none","small_sv","other_origins",1,0.1132842826467,0.145726503701457
"lp","small_tight","other_origins",1,0.1188042969423,0.114697859429603
"none","small_tight","other_origins",1,0.122951255803098,0.0746782100232939
"lp","ucmean","other_origins",1,0.640206866127824,-1.15527762755602
"none","ucmean","other_origins",1,0.641711882823205,-1.18462639345386
"lp","ucsv","other_origins",1,0.120836913998563,0.0771720163997478
"none","ucsv","other_origins",1,0.120836913998563,0.0771720163997478
"lp","ar4","covid_origins",2,0.594562728697758,-3.92730766646262
"none","ar4","covid_origins",2,0.631117602394823,-5.43765055942481
"lp","combo_bma","covid_origins",2,0.864688768030494,-3.32899143020412
"none","combo_bma","covid_origins",2,0.885104669430151,-3.49593193672978
"lp","combo_equal","covid_origins",2,0.565095686531629,-1.61104121578959
"none","combo_equal","covid_origins",2,0.57333463948288,-1.70432802201446
"lp","combo_logscore","covid_origins",2,0.706039526966446,-1.76783877862952
"none","combo_logscore","covid_origins",2,0.7854799241493,-1.94827490141053
"lp","combo_pool","covid_origins",2,0.5766780124249,-1.73358059960224
"none","combo_pool","covid_origins",2,0.593655393704646,-1.83980754216923
"lp","medium_conj","covid_origins",2,0.657803247200068,-6.59007104375285
"none","medium_conj","covid_origins",2,0.634473115464355,-7.09856691032816
"lp","medium_minn","covid_origins",2,0.561908504914171,-3.45773531157809
"none","medium_minn","covid_origins",2,0.561908504914171,-3.45773531157809
"lp","rw","covid_origins",2,0.877279872800028,-10.6942318650306
"none","rw","covid_origins",2,0.89069038353586,-6.73323471924557
"lp","small_loose_p5","covid_origins",2,0.598659505796562,-5.4646729813997
"none","small_loose_p5","covid_origins",2,0.598244725873871,-5.40143206035359
"lp","small_minn","covid_origins",2,0.585558901866035,-5.43939124020776
"none","small_minn","covid_origins",2,0.58808905362847,-5.05152725551265
"lp","small_ss","covid_origins",2,0.586174070287825,-6.15317224392235
"none","small_ss","covid_origins",2,0.582574585878819,-5.86529224422447
"lp","small_sv","covid_origins",2,0.576727589941222,-3.85701296253926
"none","small_sv","covid_origins",2,0.576727589941222,-3.85701296253926
"lp","small_tight","covid_origins",2,0.62422062329824,-7.81028674187837
"none","small_tight","covid_origins",2,0.638798833911195,-8.51428408485285
"lp","ucmean","covid_origins",2,1.08883652961431,-3.74436331873339
"none","ucmean","covid_origins",2,1.12024206833886,-4.43408383155586
"lp","ucsv","covid_origins",2,0.692134899244091,-6.75463092188208
"none","ucsv","covid_origins",2,0.692134899244091,-6.75463092188208
"lp","ar4","other_origins",2,0.277904265832803,-Inf
"none","ar4","other_origins",2,0.28057092355816,-Inf
"lp","combo_bma","other_origins",2,0.300663645045002,-1.83296916429552
"none","combo_bma","other_origins",2,0.300118295475005,-1.83521388787877
"lp","combo_equal","other_origins",2,0.248992100196879,-1.50469903553796
"none","combo_equal","other_origins",2,0.253783001916785,-1.52919667907733
"lp","combo_logscore","other_origins",2,0.275462589537465,-1.53475367004354
"none","combo_logscore","other_origins",2,0.288214544967699,-1.58560370141305
"lp","combo_pool","other_origins",2,0.238090517676742,-1.45994403103856
"none","combo_pool","other_origins",2,0.239210868564862,-1.46437394704821
"lp","medium_conj","other_origins",2,0.237372018658772,-Inf
"none","medium_conj","other_origins",2,0.242842840255939,-Inf
"lp","medium_minn","other_origins",2,0.224753897773879,-Inf
"none","medium_minn","other_origins",2,0.224753897773879,-Inf
"lp","rw","other_origins",2,0.265611501007822,-2.17576833047946
"none","rw","other_origins",2,0.27931795341477,-2.21012178023726
"lp","small_loose_p5","other_origins",2,0.259776062902601,-9.04600804913971
"none","small_loose_p5","other_origins",2,0.267779952637698,-9.09570432146839
"lp","small_minn","other_origins",2,0.242196741312603,-8.45324476920243
"none","small_minn","other_origins",2,0.250548280716679,-8.50309557624418
"lp","small_ss","other_origins",2,0.247976431466819,-7.95992351281028
"none","small_ss","other_origins",2,0.258168186039962,-8.00528276574833
"lp","small_sv","other_origins",2,0.246016480273351,-Inf
"none","small_sv","other_origins",2,0.246016480273351,-Inf
"lp","small_tight","other_origins",2,0.244622745171742,-Inf
"none","small_tight","other_origins",2,0.246920204813446,-Inf
"lp","ucmean","other_origins",2,0.750333564525131,-Inf
"none","ucmean","other_origins",2,0.753542534700966,-Inf
"lp","ucsv","other_origins",2,0.244323124588127,-Inf
"none","ucsv","other_origins",2,0.244323124588127,-Inf
"lp","ar4","covid_origins",3,0.654894479993448,-3.77200249383167
"none","ar4","covid_origins",3,0.704888017078125,-6.00783241458358
"lp","combo_bma","covid_origins",3,0.927546000729852,-3.09211552345271
"none","combo_bma","covid_origins",3,0.957268157935198,-3.2946117737595
"lp","combo_equal","covid_origins",3,0.619285174276183,-1.65252021152791
"none","combo_equal","covid_origins",3,0.636592579701073,-1.81774351037789
"lp","combo_logscore","covid_origins",3,0.752711341194237,-1.83443418792042
"none","combo_logscore","covid_origins",3,0.850593403170299,-2.12122309274026
"lp","combo_pool","covid_origins",3,0.66319669500357,-1.85908749549156
"none","combo_pool","covid_origins",3,0.685724666324753,-2.0242401258543
"lp","medium_conj","covid_origins",3,0.72865281667051,-8.45276060863323
"none","medium_conj","covid_origins",3,0.724973934226996,-9.58934011221292
"lp","medium_minn","covid_origins",3,0.649447359773873,-2.93465502035676
"none","medium_minn","covid_origins",3,0.649447359773873,-2.93465502035676
"lp","rw","covid_origins",3,0.983332285041476,-6.11736224665061
"none","rw","covid_origins",3,0.999815443319907,-4.90231628386407
"lp","small_loose_p5","covid_origins",3,0.663271395947283,-5.15964836730196
"none","small_loose_p5","covid_origins",3,0.713778593544771,-6.04298037293711
"lp","small_minn","covid_origins",3,0.65060630405095,-5.87769694226667
"none","small_minn","covid_origins",3,0.674938459741811,-6.84985412288067
"lp","small_ss","covid_origins",3,0.643436701664617,-6.58739870415364
"none","small_ss","covid_origins",3,0.657745987413932,-6.5079639580888
"lp","small_sv","covid_origins",3,0.638297597053696,-2.83363701668029
"none","small_sv","covid_origins",3,0.638297597053696,-2.83363701668029
"lp","small_tight","covid_origins",3,0.703633968800954,-8.92107872155205
"none","small_tight","covid_origins",3,0.72883146979338,-12.6481292062217
"lp","ucmean","covid_origins",3,1.03077736349615,-3.10935456489437
"none","ucmean","covid_origins",3,1.06870932338466,-4.67301708912479
"lp","ucsv","covid_origins",3,0.770973721170568,-8.37288014189626
"none","ucsv","covid_origins",3,0.770973721170568,-8.37288014189626
"lp","ar4","other_origins",3,0.361047371256158,-Inf
"none","ar4","other_origins",3,0.361726992916685,-Inf
"lp","combo_bma","other_origins",3,0.374230821074073,-2.07964802163096
"none","combo_bma","other_origins",3,0.372181949675208,-2.07867413077433
"lp","combo_equal","other_origins",3,0.329934564338664,-1.81920280357044
"none","combo_equal","other_origins",3,0.335575960051576,-1.84603054836864
"lp","combo_logscore","other_origins",3,0.347393096879889,-1.87200881635929
"none","combo_logscore","other_origins",3,0.363276779463504,-1.92930294916207
"lp","combo_pool","other_origins",3,0.316010203814249,-1.8143704870449
"none","combo_pool","other_origins",3,0.318541450843921,-1.82291859648492
"lp","medium_conj","other_origins",3,0.310639466475394,-Inf
"none","medium_conj","other_origins",3,0.317229833521302,-Inf
"lp","medium_minn","other_origins",3,0.299926215181022,-Inf
"none","medium_minn","other_origins",3,0.299926215181022,-Inf
"lp","rw","other_origins",3,0.337712605228404,-2.67805100202716
"none","rw","other_origins",3,0.352139560502055,-2.70941977253647
"lp","small_loose_p5","other_origins",3,0.358242845329028,-Inf
"none","small_loose_p5","other_origins",3,0.363849232152269,-Inf
"lp","small_minn","other_origins",3,0.321425200680014,-Inf
"none","small_minn","other_origins",3,0.330362321830509,-Inf
"lp","small_ss","other_origins",3,0.335694628275669,-Inf
"none","small_ss","other_origins",3,0.347934998744977,-Inf
"lp","small_sv","other_origins",3,0.340181761175892,-Inf
"none","small_sv","other_origins",3,0.340181761175892,-Inf
"lp","small_tight","other_origins",3,0.321985492699506,-Inf
"none","small_tight","other_origins",3,0.325481822773951,-Inf
"lp","ucmean","other_origins",3,0.813240873285834,-Inf
"none","ucmean","other_origins",3,0.814300483020273,-Inf
"lp","ucsv","other_origins",3,0.322822944551591,-8.80293211025743
"none","ucsv","other_origins",3,0.322822944551591,-8.80293211025743
"lp","ar4","covid_origins",4,0.711415952832116,-3.37720039586815
"none","ar4","covid_origins",4,0.762092422850557,-4.80164462016087
"lp","combo_bma","covid_origins",4,0.950805998967799,-3.09372634348114
"none","combo_bma","covid_origins",4,0.983693976019494,-3.05855228087637
"lp","combo_equal","covid_origins",4,0.672804688053795,-1.73769241792441
"none","combo_equal","covid_origins",4,0.693643329948508,-1.9604248762053
"lp","combo_logscore","covid_origins",4,0.817103224389257,-1.98810410910399
"none","combo_logscore","covid_origins",4,0.905882446495856,-2.34582574011354
"lp","combo_pool","covid_origins",4,0.727383408015595,-2.01356391536118
"none","combo_pool","covid_origins",4,0.748026817738427,-2.24627347116926
"lp","medium_conj","covid_origins",4,0.79524506577302,-10.8788579119495
"none","medium_conj","covid_origins",4,0.79520870404299,-10.7663671041167
"lp","medium_minn","covid_origins",4,0.736390511118659,-3.77665803835768
"none","medium_minn","covid_origins",4,0.736390511118659,-3.77665803835768
"lp","rw","covid_origins",4,1.02759718231438,-4.42430321596004
"none","rw","covid_origins",4,1.04964454791134,-3.80139292075194
"lp","small_loose_p5","covid_origins",4,0.720969432187404,-4.82329065384788
"none","small_loose_p5","covid_origins",4,0.790088706690463,-6.6466250815248
"lp","small_minn","covid_origins",4,0.707639080682675,-6.89580349062896
"none","small_minn","covid_origins",4,0.74532552608653,-8.29928559928599
"lp","small_ss","covid_origins",4,0.688062692976551,-8.10993267197804
"none","small_ss","covid_origins",4,0.705373451355956,-7.27432320764624
"lp","small_sv","covid_origins",4,0.691134042430592,-3.68008789811739
"none","small_sv","covid_origins",4,0.691134042430592,-3.68008789811739
"lp","small_tight","covid_origins",4,0.768025071633506,-8.51731187739035
"none","small_tight","covid_origins",4,0.795954350429762,-12.3441380240093
"lp","ucmean","covid_origins",4,0.955235391829818,-2.54323023044643
"none","ucmean","covid_origins",4,0.990328986934421,-3.94162320005577
"lp","ucsv","covid_origins",4,0.828787411792517,-9.59079967159358
"none","ucsv","covid_origins",4,0.828787411792517,-9.59079967159358
"lp","ar4","other_origins",4,0.432304965490794,-10.3354978532555
"none","ar4","other_origins",4,0.432847210241115,-10.3524093811583
"lp","combo_bma","other_origins",4,0.431594328002148,-1.7265997823613
"none","combo_bma","other_origins",4,0.430265046918538,-1.72535715053416
"lp","combo_equal","other_origins",4,0.399610912223323,-1.39442884434374
"none","combo_equal","other_origins",4,0.403467103127032,-1.41838758791888
"lp","combo_logscore","other_origins",4,0.406224811791468,-1.47800698653791
"none","combo_logscore","other_origins",4,0.425161322489014,-1.53241761968706
"lp","combo_pool","other_origins",4,0.386346150865503,-1.43816038806396
"none","combo_pool","other_origins",4,0.388003681079573,-1.44759071468277
"lp","medium_conj","other_origins",4,0.375816260686323,-Inf
"none","medium_conj","other_origins",4,0.382513873833599,-Inf
"lp","medium_minn","other_origins",4,0.36965389439026,-8.68873255777197
"none","medium_minn","other_origins",4,0.36965389439026,-8.68873255777197
"lp","rw","other_origins",4,0.40888190403155,-2.13589206593145
"none","rw","other_origins",4,0.423385413575378,-2.16076388840814
"lp","small_loose_p5","other_origins",4,0.448934936076674,-10.4625403500588
"none","small_loose_p5","other_origins",4,0.451351046061308,-10.5058227086638
"lp","small_minn","other_origins",4,0.388637095899452,-Inf
"none","small_minn","other_origins",4,0.395025265529514,-Inf
"lp","small_ss","other_origins",4,0.412548375357859,-Inf
"none","small_ss","other_origins",4,0.422710235909735,-Inf
"lp","small_sv","other_origins",4,0.41911794703276,-9.50336438233559
"none","small_sv","other_origins",4,0.41911794703276,-9.50336438233559
"lp","small_tight","other_origins",4,0.387958544125896,-9.64135756126203
"none","small_tight","other_origins",4,0.391176969862476,-9.67194488944912
"lp","ucmean","other_origins",4,0.866346535947094,-Inf
"none","ucmean","other_origins",4,0.869364667471342,-Inf
"lp","ucsv","other_origins",4,0.387748603632766,-4.66092690696194
"none","ucsv","other_origins",4,0.387748603632766,-4.66092690696194
"lp","ar4","covid_origins",5,0.772859888981182,-4.02238283183864
"none","ar4","covid_origins",5,0.81802187037997,-5.03157388414636
"lp","combo_bma","covid_origins",5,1.08719999125387,-2.58383990849392
"none","combo_bma","covid_origins",5,1.14395204010432,-2.92171169236422
"lp","combo_equal","covid_origins",5,0.725456099049737,-1.78107128440989
"none","combo_equal","covid_origins",5,0.750539021087109,-1.96734238164958
"lp","combo_logscore","covid_origins",5,0.88333960273919,-2.04208532062202
"none","combo_logscore","covid_origins",5,0.943740806068271,-2.31080909178263
"lp","combo_pool","covid_origins",5,0.823351869136603,-2.02685609998168
"none","combo_pool","covid_origins",5,0.870049308084315,-2.27370712286296
"lp","medium_conj","covid_origins",5,0.870755637618278,-13.6651959731125
"none","medium_conj","covid_origins",5,0.873209194412839,-12.3234316744677
"lp","medium_minn","covid_origins",5,0.830053323429762,-3.43693587857534
"none","medium_minn","covid_origins",5,0.830053323429762,-3.43693587857534
"lp","rw","covid_origins",5,0.995184853338601,-3.2927643441941
"none","rw","covid_origins",5,1.06100172862445,-4.21736593991368
"lp","small_loose_p5","covid_origins",5,0.782002389992297,-8.75025807123646
"none","small_loose_p5","covid_origins",5,0.86203029197271,-9.27654726600765
"lp","small_minn","covid_origins",5,0.774643733091868,-11.039117788593
"none","small_minn","covid_origins",5,0.816424752381265,-10.8674417254302
"lp","small_ss","covid_origins",5,0.738991919966597,-9.88611614909291
"none","small_ss","covid_origins",5,0.777700593694508,-10.6631990578143
"lp","small_sv","covid_origins",5,0.769436773486782,-3.59835197143951
"none","small_sv","covid_origins",5,0.769436773486782,-3.59835197143951
"lp","small_tight","covid_origins",5,0.835503355663008,-10.4230010329965
"none","small_tight","covid_origins",5,0.874654042839176,-11.4456377695935
"lp","ucmean","covid_origins",5,0.921970530210882,-3.31532895108525
"none","ucmean","covid_origins",5,0.951301719812371,-4.48524777458279
"lp","ucsv","covid_origins",5,0.91066972995364,-7.46195995173429
"none","ucsv","covid_origins",5,0.91066972995364,-7.46195995173429
"lp","ar4","other_origins",5,0.489488951138358,-11.4757165709298
"none","ar4","other_origins",5,0.489639138428294,-11.4949489202719
"lp","combo_bma","other_origins",5,0.488338492108801,-1.81341044706408
"none","combo_bma","other_origins",5,0.477870317917406,-1.79965981162528
"lp","combo_equal","other_origins",5,0.450039306199477,-1.35506237383304
"none","combo_equal","other_origins",5,0.45418225981396,-1.37512916592961
"lp","combo_logscore","other_origins",5,0.46955078340629,-1.5116549940513
"none","combo_logscore","other_origins",5,0.468856685165322,-1.51495893677852
"lp","combo_pool","other_origins",5,0.459542299575222,-1.48950493121652
"none","combo_pool","other_origins",5,0.461152530524618,-1.4955619384112
"lp","medium_conj","other_origins",5,0.418195069811188,-Inf
"none","medium_conj","other_origins",5,0.425668599004986,-Inf
"lp","medium_minn","other_origins",5,0.424210953000024,-7.08428723291918
"none","medium_minn","other_origins",5,0.424210953000024,-7.08428723291918
"lp","rw","other_origins",5,0.453956175323559,-1.82260412642645
"none","rw","other_origins",5,0.467429664589131,-1.84256972669372
"lp","small_loose_p5","other_origins",5,0.52060925560417,-9.31751060580958
"none","small_loose_p5","other_origins",5,0.523007853313527,-9.34877356473419
"lp","small_minn","other_origins",5,0.44025579018463,-Inf
"none","small_minn","other_origins",5,0.447918660564584,-Inf
"lp","small_ss","other_origins",5,0.472278418609783,-Inf
"none","small_ss","other_origins",5,0.481107879028146,-Inf
"lp","small_sv","other_origins",5,0.484818278103145,-8.2586400287158
"none","small_sv","other_origins",5,0.484818278103145,-8.2586400287158
"lp","small_tight","other_origins",5,0.434375257458479,-Inf
"none","small_tight","other_origins",5,0.43685305696983,-Inf
"lp","ucmean","other_origins",5,0.914910368602486,-Inf
"none","ucmean","other_origins",5,0.917831798791843,-Inf
"lp","ucsv","other_origins",5,0.433346541208696,-6.7818942214244
"none","ucsv","other_origins",5,0.433346541208696,-6.7818942214244
"lp","ar4","covid_origins",6,0.848072086804588,-4.62072768992434
"none","ar4","covid_origins",6,0.926284154899858,-5.83975865145904
"lp","combo_bma","covid_origins",6,1.37856855923954,-3.74296386198619
"none","combo_bma","covid_origins",6,1.42364391704779,-4.00291038923025
"lp","combo_equal","covid_origins",6,0.820107696016968,-2.00791743602907
"none","combo_equal","covid_origins",6,0.864594132624991,-2.2236579961872
"lp","combo_logscore","covid_origins",6,1.10149668895513,-2.41644359985056
"none","combo_logscore","covid_origins",6,1.15986257996248,-2.74571580029918
"lp","combo_pool","covid_origins",6,0.950134991835029,-2.35368618235739
"none","combo_pool","covid_origins",6,1.01132010587034,-2.6916933858606
"lp","medium_conj","covid_origins",6,0.971912926313722,-15.2786985647594
"none","medium_conj","covid_origins",6,1.00974994887815,-13.8853891541245
"lp","medium_minn","covid_origins",6,0.962523311897517,-3.82406061664224
"none","medium_minn","covid_origins",6,0.962523311897517,-3.82406061664224
"lp","rw","covid_origins",6,1.23124759918622,-5.43846706211229
"none","rw","covid_origins",6,1.29179995172052,-4.73440630520221
"lp","small_loose_p5","covid_origins",6,0.889995247872286,-7.91705995388993
"none","small_loose_p5","covid_origins",6,1.00787788497888,-8.46551712363951
"lp","small_minn","covid_origins",6,0.862133667975059,-11.3634398049957
"none","small_minn","covid_origins",6,0.937446383503013,-11.2904255331486
"lp","small_ss","covid_origins",6,0.809957360045956,-10.5623201244247
"none","small_ss","covid_origins",6,0.874107514404111,-10.9811845183035
"lp","small_sv","covid_origins",6,0.875980437789889,-3.53631236579724
"none","small_sv","covid_origins",6,0.875980437789889,-3.53631236579724
"lp","small_tight","covid_origins",6,0.923929405034957,-10.0933897154731
"none","small_tight","covid_origins",6,0.992643733298081,-12.106309252746
"lp","ucmean","covid_origins",6,0.914535151377737,-4.06062894738444
"none","ucmean","covid_origins",6,0.94520007629575,-4.56588161449084
"lp","ucsv","covid_origins",6,1.02859491585735,-10.9618501451488
"none","ucsv","covid_origins",6,1.02859491585735,-10.9618501451488
"lp","ar4","other_origins",6,0.530188634943611,-9.86706794292784
"none","ar4","other_origins",6,0.531212126072552,-9.88477861314158
"lp","combo_bma","other_origins",6,0.510844128322505,-1.56315114889703
"none","combo_bma","other_origins",6,0.506464547474408,-1.56053618210402
"lp","combo_equal","other_origins",6,0.488262628652097,-1.09346922848567
"none","combo_equal","other_origins",6,0.492186951600207,-1.11100436282635
"lp","combo_logscore","other_origins",6,0.503668636902853,-1.24143514063923
"none","combo_logscore","other_origins",6,0.503756471214565,-1.24604280439365
"lp","combo_pool","other_origins",6,0.49268333491647,-1.22562770964685
"none","combo_pool","other_origins",6,0.492972824787332,-1.23192874406324
"lp","medium_conj","other_origins",6,0.45013185448689,-Inf
"none","medium_conj","other_origins",6,0.456630189271842,-Inf
"lp","medium_minn","other_origins",6,0.470156811274633,-2.88512125212837
"none","medium_minn","other_origins",6,0.470156811274633,-2.88512125212837
"lp","rw","other_origins",6,0.478539658938667,-1.44020522304203
"none","rw","other_origins",6,0.489133875804724,-1.45430555600939
"lp","small_loose_p5","other_origins",6,0.5630347211341,-9.99904797059314
"none","small_loose_p5","other_origins",6,0.566832663830273,-10.0247100873033
"lp","small_minn","other_origins",6,0.473262568984569,-Inf
"none","small_minn","other_origins",6,0.479428898374782,-Inf
"lp","small_ss","other_origins",6,0.519664480793804,-Inf
"none","small_ss","other_origins",6,0.527518042764096,-Inf
"lp","small_sv","other_origins",6,0.52881645349857,-7.87713790974332
"none","small_sv","other_origins",6,0.52881645349857,-7.87713790974332
"lp","small_tight","other_origins",6,0.46516284245773,-Inf
"none","small_tight","other_origins",6,0.467851400638717,-Inf
"lp","ucmean","other_origins",6,0.953497926224492,-Inf
"none","ucmean","other_origins",6,0.955847745401046,-Inf
"lp","ucsv","other_origins",6,0.462408463725267,-9.8445395546239
"none","ucsv","other_origins",6,0.462408463725267,-9.8445395546239
"lp","ar4","covid_origins",7,0.857994734295459,-5.47190566743817
"none","ar4","covid_origins",7,0.956492620475858,-6.49443148031038
"lp","combo_bma","covid_origins",7,1.43451406626429,-3.39433526633568
"none","combo_bma","covid_origins",7,1.48812710392309,-3.5464586805468
"lp","combo_equal","covid_origins",7,0.851163536277201,-2.03885100425874
"none","combo_equal","covid_origins",7,0.905072152360973,-2.25158833916186
"lp","combo_logscore","covid_origins",7,1.15041639338243,-2.53302700689758
"none","combo_logscore","covid_origins",7,1.21795265058653,-2.83583969649265
"lp","combo_pool","covid_origins",7,0.998731996314967,-2.43119407400376
"none","combo_pool","covid_origins",7,1.06827259930734,-2.75187239723042
"lp","medium_conj","covid_origins",7,1.01709229749896,-14.2925273938134
"none","medium_conj","covid_origins",7,1.07136616084737,-14.6178850271935
"lp","medium_minn","covid_origins",7,1.06694569716596,-3.85563075656506
"none","medium_minn","covid_origins",7,1.06694569716596,-3.85563075656506
"lp","rw","covid_origins",7,1.30528638617785,-4.62610016498098
"none","rw","covid_origins",7,1.38625326494657,-4.72095210945786
"lp","small_loose_p5","covid_origins",7,0.918917997888652,-8.71701473552319
"none","small_loose_p5","covid_origins",7,1.07350246292569,-8.50788210555632
"lp","small_minn","covid_origins",7,0.895245168662352,-11.3440760873144
"none","small_minn","covid_origins",7,0.986975171665966,-11.1212684108359
"lp","small_ss","covid_origins",7,0.830884069758881,-11.199972515605
"none","small_ss","covid_origins",7,0.907926639655362,-10.423010753138
"lp","small_sv","covid_origins",7,0.944002668909268,-3.20834544962163
"none","small_sv","covid_origins",7,0.944002668909268,-3.20834544962163
"lp","small_tight","covid_origins",7,0.970040952253888,-13.0477362256864
"none","small_tight","covid_origins",7,1.0535355203074,-14.2712239075374
"lp","ucmean","covid_origins",7,0.840998856912609,-3.77502243967536
"none","ucmean","covid_origins",7,0.870365312262636,-4.93162821588235
"lp","ucsv","covid_origins",7,1.10038500767531,-13.0613556341045
"none","ucsv","covid_origins",7,1.10038500767531,-13.0613556341045
"lp","ar4","other_origins",7,0.613303066310802,-12.8421159750845
"none","ar4","other_origins",7,0.613994536489411,-12.84956617252
"lp","combo_bma","other_origins",7,0.568530996403337,-1.58847078788805
"none","combo_bma","other_origins",7,0.570775607195025,-1.5913558190197
"lp","combo_equal","other_origins",7,0.563911138160242,-1.28256601062738
"none","combo_equal","other_origins",7,0.56656578713392,-1.29220039761495
"lp","combo_logscore","other_origins",7,0.57055126169197,-1.39348168889822
"none","combo_logscore","other_origins",7,0.570860295430559,-1.39830462332821
"lp","combo_pool","other_origins",7,0.566140554872119,-1.38755424371429
"none","combo_pool","other_origins",7,0.566986893297383,-1.39106496601795
"lp","medium_conj","other_origins",7,0.514136734802428,-9.92572374581999
"none","medium_conj","other_origins",7,0.519115085795989,-9.94736148452577
"lp","medium_minn","other_origins",7,0.548294144985874,-6.58948739279513
"none","medium_minn","other_origins",7,0.548294144985874,-6.58948739279513
"lp","rw","other_origins",7,0.542315161481648,-1.41224257791355
"none","rw","other_origins",7,0.54841996356522,-1.41970621337003
"lp","small_loose_p5","other_origins",7,0.647306209879859,-10.655022269684
"none","small_loose_p5","other_origins",7,0.650047251108866,-10.6680799183642
"lp","small_minn","other_origins",7,0.536806562598462,-12.7586372081577
"none","small_minn","other_origins",7,0.542093209405927,-12.7776382169271
"lp","small_ss","other_origins",7,0.60217160596937,-11.3500339616304
"none","small_ss","other_origins",7,0.607143189204214,-11.3663773476213
"lp","small_sv","other_origins",7,0.604438921978116,-9.05392135423248
"none","small_sv","other_origins",7,0.604438921978116,-9.05392135423248
"lp","small_tight","other_origins",7,0.528135016762126,-10.6741592083906
"none","small_tight","other_origins",7,0.530296361600742,-10.6853657260158
"lp","ucmean","other_origins",7,1.0199513410818,-Inf
"none","ucmean","other_origins",7,1.02199378402045,-Inf
"lp","ucsv","other_origins",7,0.521192619610591,-Inf
"none","ucsv","other_origins",7,0.521192619610591,-Inf
"lp","ar4","covid_origins",8,0.856139384346607,-5.96155118536589
"none","ar4","covid_origins",8,0.965941353411021,-5.83754538220046
"lp","combo_bma","covid_origins",8,1.49360402823449,-3.41288928500294
"none","combo_bma","covid_origins",8,1.54512598794669,-3.63666681759697
"lp","combo_equal","covid_origins",8,0.870912188643402,-2.00018324321773
"none","combo_equal","covid_origins",8,0.926678190583354,-2.194985433154
"lp","combo_logscore","covid_origins",8,1.16881141151767,-2.50169970808053
"none","combo_logscore","covid_origins",8,1.25026820577745,-2.80256797004757
"lp","combo_pool","covid_origins",8,1.01051024028207,-2.38760644008922
"none","combo_pool","covid_origins",8,1.09189528305741,-2.70952991544188
"lp","medium_conj","covid_origins",8,1.03291145322355,-12.8251550324327
"none","medium_conj","covid_origins",8,1.10111478170735,-11.4266392210885
"lp","medium_minn","covid_origins",8,1.11644871930437,-3.14051384093264
"none","medium_minn","covid_origins",8,1.11644871930437,-3.14051384093264
"lp","rw","covid_origins",8,1.35839423985767,-4.9152038226958
"none","rw","covid_origins",8,1.44173682719419,-4.32653649903679
"lp","small_loose_p5","covid_origins",8,0.919904253549841,-7.0079848175794
"none","small_loose_p5","covid_origins",8,1.09997415708766,-6.7488311280895
"lp","small_minn","covid_origins",8,0.89978059609085,-11.3352724690348
"none","small_minn","covid_origins",8,1.00345981423178,-10.2835119706401
"lp","small_ss","covid_origins",8,0.820156729422149,-8.93852531406198
"none","small_ss","covid_origins",8,0.907132036504518,-9.36510504665147
"lp","small_sv","covid_origins",8,0.966177927119023,-2.67948301980583
"none","small_sv","covid_origins",8,0.966177927119023,-2.67948301980583
"lp","small_tight","covid_origins",8,0.983003253219259,-12.7869798259207
"none","small_tight","covid_origins",8,1.07211075996276,-11.8151772525202
"lp","ucmean","covid_origins",8,0.747549882729249,-3.26303914178548
"none","ucmean","covid_origins",8,0.774532046668929,-3.67880350045256
"lp","ucsv","covid_origins",8,1.13062026909855,-10.2675261840144
"none","ucsv","covid_origins",8,1.13062026909855,-10.2675261840144
"lp","ar4","other_origins",8,0.699723577031855,-13.6044272652311
"none","ar4","other_origins",8,0.699723577031855,-13.6044272652311
"lp","combo_bma","other_origins",8,0.622738589441629,-1.68416285487659
"none","combo_bma","other_origins",8,0.622738589441629,-1.68416285487659
"lp","combo_equal","other_origins",8,0.6362039179418,-1.51852131909422
"none","combo_equal","other_origins",8,0.6362039179418,-1.51852131909422
"lp","combo_logscore","other_origins",8,0.63072049050975,-1.60387561983503
"none","combo_logscore","other_origins",8,0.63072049050975,-1.60387561983503
"lp","combo_pool","other_origins",8,0.635532579730239,-1.60743674380394
"none","combo_pool","other_origins",8,0.635532579730239,-1.60743674380394
"lp","medium_conj","other_origins",8,0.591296829438506,-Inf
"none","medium_conj","other_origins",8,0.591296829438506,-Inf
"lp","medium_minn","other_origins",8,0.63506660460768,-9.71403028986977
"none","medium_minn","other_origins",8,0.63506660460768,-9.71403028986977
"lp","rw","other_origins",8,0.587702867595235,-1.53605472542426
"none","rw","other_origins",8,0.587702867595235,-1.53605472542426
"lp","small_loose_p5","other_origins",8,0.72728173921336,-10.8246446253596
"none","small_loose_p5","other_origins",8,0.72728173921336,-10.8246446253596
"lp","small_minn","other_origins",8,0.611502031408898,-Inf
"none","small_minn","other_origins",8,0.611502031408898,-Inf
"lp","small_ss","other_origins",8,0.693160873456599,-13.6647005230411
"none","small_ss","other_origins",8,0.693160873456599,-13.6647005230411
"lp","small_sv","other_origins",8,0.679803474777187,-8.40766013557166
"none","small_sv","other_origins",8,0.679803474777187,-8.40766013557166
"lp","small_tight","other_origins",8,0.597741262653338,-Inf
"none","small_tight","other_origins",8,0.597741262653338,-Inf
"lp","ucmean","other_origins",8,1.13245118704935,-Inf
"none","ucmean","other_origins",8,1.13245118704935,-Inf
"lp","ucsv","other_origins",8,0.580716252833464,-10.9535495043581
"none","ucsv","other_origins",8,0.580716252833464,-10.9535495043581
"lp","ar4","covid_origins",9,0.926626051673839,-7.45286138824501
"none","ar4","covid_origins",9,1.05161666731997,-6.30892450079052
"lp","combo_bma","covid_origins",9,1.50322853648292,-3.38973799595683
"none","combo_bma","covid_origins",9,1.59152596553282,-3.69595709557582
"lp","combo_equal","covid_origins",9,0.952808493861908,-2.0644741484239
"none","combo_equal","covid_origins",9,1.01253926527832,-2.23156463776394
"lp","combo_logscore","covid_origins",9,1.26619980566371,-2.63303796531665
"none","combo_logscore","covid_origins",9,1.35826729268629,-2.89828561655684
"lp","combo_pool","covid_origins",9,1.13937809910258,-2.56792275436866
"none","combo_pool","covid_origins",9,1.24993049709069,-2.86845390768995
"lp","medium_conj","covid_origins",9,1.15960869448404,-12.1394249321889
"none","medium_conj","covid_origins",9,1.232821923645,-10.2618430091884
"lp","medium_minn","covid_origins",9,1.27418105515349,-3.13983406044179
"none","medium_minn","covid_origins",9,1.27418105515349,-3.13983406044179
"lp","rw","covid_origins",9,1.47243595368658,-4.76982715886767
"none","rw","covid_origins",9,1.55722379534641,-4.10928435214647
"lp","small_loose_p5","covid_origins",9,0.953027951687537,-7.12015438777531
"none","small_loose_p5","covid_origins",9,1.14719917458279,-6.33390351815809
"lp","small_minn","covid_origins",9,0.993614496848534,-11.6670233791928
"none","small_minn","covid_origins",9,1.07263478476256,-9.65902721074703
"lp","small_ss","covid_origins",9,0.884165578493433,-9.19870950772277
"none","small_ss","covid_origins",9,0.949610875421169,-6.92514440854908
"lp","small_sv","covid_origins",9,1.06848566518016,-3.23836022656661
"none","small_sv","covid_origins",9,1.06848566518016,-3.23836022656661
"lp","small_tight","covid_origins",9,1.09611250192949,-11.9606649747977
"none","small_tight","covid_origins",9,1.19233031524551,-10.8674706851626
"lp","ucmean","covid_origins",9,0.711722025600152,-4.06662424502129
"none","ucmean","covid_origins",9,0.740808544012202,-3.99803147945342
"lp","ucsv","covid_origins",9,1.23668283405058,-10.8025937469018
"none","ucsv","covid_origins",9,1.23668283405058,-10.8025937469018
"lp","ar4","other_origins",9,0.745292628807942,-14.3140109250199
"none","ar4","other_origins",9,0.745292628807942,-14.3140109250199
"lp","combo_bma","other_origins",9,0.6684401638496,-1.50284528811204
"none","combo_bma","other_origins",9,0.6684401638496,-1.50284528811204
"lp","combo_equal","other_origins",9,0.665812447251773,-1.45454062944397
"none","combo_equal","other_origins",9,0.665812447251773,-1.45454062944397
"lp","combo_logscore","other_origins",9,0.674271969904418,-1.48245638418625
"none","combo_logscore","other_origins",9,0.674271969904418,-1.48245638418625
"lp","combo_pool","other_origins",9,0.672238844124273,-1.4831363628864
"none","combo_pool","other_origins",9,0.672238844124273,-1.4831363628864
"lp","medium_conj","other_origins",9,0.619495510626227,-Inf
"none","medium_conj","other_origins",9,0.619495510626227,-Inf
"lp","medium_minn","other_origins",9,0.672754743361174,-8.93560699446363
"none","medium_minn","other_origins",9,0.672754743361174,-8.93560699446363
"lp","rw","other_origins",9,0.606155418827672,-1.42377182064298
"none","rw","other_origins",9,0.606155418827672,-1.42377182064298
"lp","small_loose_p5","other_origins",9,0.762965121091797,-10.5199800191956
"none","small_loose_p5","other_origins",9,0.762965121091797,-10.5199800191956
"lp","small_minn","other_origins",9,0.638736718443791,-Inf
"none","small_minn","other_origins",9,0.638736718443791,-Inf
"lp","small_ss","other_origins",9,0.730367417472791,-Inf
"none","small_ss","other_origins",9,0.730367417472791,-Inf
"lp","small_sv","other_origins",9,0.714313358415953,-11.5578402571356
"none","small_sv","other_origins",9,0.714313358415953,-11.5578402571356
"lp","small_tight","other_origins",9,0.621554585555322,-Inf
"none","small_tight","other_origins",9,0.621554585555322,-Inf
"lp","ucmean","other_origins",9,1.16248941784298,-Inf
"none","ucmean","other_origins",9,1.16248941784298,-Inf
"lp","ucsv","other_origins",9,0.602394855713504,-11.0387255557492
"none","ucsv","other_origins",9,0.602394855713504,-11.0387255557492
"lp","ar4","covid_origins",10,0.987862886887597,-7.49034987200213
"none","ar4","covid_origins",10,1.12279075788158,-7.45611497605126
"lp","combo_bma","covid_origins",10,1.59844676229607,-3.49312381754094
"none","combo_bma","covid_origins",10,1.68662218700921,-3.79470024124406
"lp","combo_equal","covid_origins",10,1.02162364127084,-2.07801805199696
"none","combo_equal","covid_origins",10,1.07576699105663,-2.23575221935506
"lp","combo_logscore","covid_origins",10,1.3582879575565,-2.68648422365642
"none","combo_logscore","covid_origins",10,1.43356062615497,-2.92331514152905
"lp","combo_pool","covid_origins",10,1.22342478948372,-2.63001305689001
"none","combo_pool","covid_origins",10,1.31919646334242,-2.88304979692984
"lp","medium_conj","covid_origins",10,1.27912400256469,-9.98569003425102
"none","medium_conj","covid_origins",10,1.36133601718522,-9.36213172935371
"lp","medium_minn","covid_origins",10,1.42588887148878,-3.21168223269358
"none","medium_minn","covid_origins",10,1.42588887148878,-3.21168223269358
"lp","rw","covid_origins",10,1.59517376149028,-4.98548007175866
"none","rw","covid_origins",10,1.66955517243513,-4.19924188126876
"lp","small_loose_p5","covid_origins",10,0.955781172870644,-5.52489063250965
"none","small_loose_p5","covid_origins",10,1.12891737597917,-5.36128043807767
"lp","small_minn","covid_origins",10,1.08867355705701,-10.1339656683787
"none","small_minn","covid_origins",10,1.15062006427265,-9.19155314598489
"lp","small_ss","covid_origins",10,0.945352111924326,-8.4597983507061
"none","small_ss","covid_origins",10,0.978453658680521,-7.44832031831821
"lp","small_sv","covid_origins",10,1.16678635245169,-3.39615959281541
"none","small_sv","covid_origins",10,1.16678635245169,-3.39615959281541
"lp","small_tight","covid_origins",10,1.19653645756905,-10.0507522055058
"none","small_tight","covid_origins",10,1.30765736433156,-9.93236550694702
"lp","ucmean","covid_origins",10,0.657306719368396,-3.51594086612365
"none","ucmean","covid_origins",10,0.68518584780995,-3.63100712929942
"lp","ucsv","covid_origins",10,1.31496021007323,-10.0046201108235
"none","ucsv","covid_origins",10,1.31496021007323,-10.0046201108235
"lp","ar4","other_origins",10,0.790956061023233,-Inf
"none","ar4","other_origins",10,0.790956061023233,-Inf
"lp","combo_bma","other_origins",10,0.704880536520703,-1.60357258598211
"none","combo_bma","other_origins",10,0.704880536520703,-1.60357258598211
"lp","combo_equal","other_origins",10,0.703384706027956,-1.53922142747902
"none","combo_equal","other_origins",10,0.703384706027956,-1.53922142747902
"lp","combo_logscore","other_origins",10,0.705889089848657,-1.56732338126081
"none","combo_logscore","other_origins",10,0.705889089848657,-1.56732338126081
"lp","combo_pool","other_origins",10,0.70040289756048,-1.56868270749139
"none","combo_pool","other_origins",10,0.70040289756048,-1.56868270749139
"lp","medium_conj","other_origins",10,0.647707099346671,-16.7263120843559
"none","medium_conj","other_origins",10,0.647707099346671,-16.7263120843559
"lp","medium_minn","other_origins",10,0.712030681664552,-3.01016640359846
"none","medium_minn","other_origins",10,0.712030681664552,-3.01016640359846
"lp","rw","other_origins",10,0.631961038184797,-1.47472206936498
"none","rw","other_origins",10,0.631961038184797,-1.47472206936498
"lp","small_loose_p5","other_origins",10,0.802343865656743,-11.5052520096951
"none","small_loose_p5","other_origins",10,0.802343865656743,-11.5052520096951
"lp","small_minn","other_origins",10,0.668481308523001,-14.5623668723956
"none","small_minn","other_origins",10,0.668481308523001,-14.5623668723956
"lp","small_ss","other_origins",10,0.772243106435456,-14.1620973821499
"none","small_ss","other_origins",10,0.772243106435456,-14.1620973821499
"lp","small_sv","other_origins",10,0.745730970049758,-6.2052530159664
"none","small_sv","other_origins",10,0.745730970049758,-6.2052530159664
"lp","small_tight","other_origins",10,0.64853836777154,-Inf
"none","small_tight","other_origins",10,0.64853836777154,-Inf
"lp","ucmean","other_origins",10,1.21475314675033,-Inf
"none","ucmean","other_origins",10,1.21475314675033,-Inf
"lp","ucsv","other_origins",10,0.632668064402041,-12.7660761965955
"none","ucsv","other_origins",10,0.632668064402041,-12.7660761965955
"lp","ar4","covid_origins",11,1.00541053205712,-5.13455236369702
"none","ar4","covid_origins",11,1.12966116266216,-5.02718187351958
"lp","combo_bma","covid_origins",11,1.65287447735009,-3.34321420249628
"none","combo_bma","covid_origins",11,1.72554091382799,-3.61397174791008
"lp","combo_equal","covid_origins",11,1.05595269278213,-2.01905679421528
"none","combo_equal","covid_origins",11,1.12537743921859,-2.17743094246983
"lp","combo_logscore","covid_origins",11,1.40229573432991,-2.6290820257617
"none","combo_logscore","covid_origins",11,1.4738545004813,-2.85901412763489
"lp","combo_pool","covid_origins",11,1.26429466287432,-2.54794210654727
"none","combo_pool","covid_origins",11,1.33777315248829,-2.79592617190302
"lp","medium_conj","covid_origins",11,1.35094749804184,-6.73126691626167
"none","medium_conj","covid_origins",11,1.44205629812376,-7.06593983821014
"lp","medium_minn","covid_origins",11,1.53815081829454,-2.66766272506202
"none","medium_minn","covid_origins",11,1.53815081829454,-2.66766272506202
"lp","rw","covid_origins",11,1.65620902570213,-4.79557850244917
"none","rw","covid_origins",11,1.72186758080854,-3.67799809977775
"lp","small_loose_p5","covid_origins",11,0.979945497366327,-3.43817222766518
"none","small_loose_p5","covid_origins",11,1.13560086109001,-3.36954676360138
"lp","small_minn","covid_origins",11,1.12343257747782,-6.89818274205657
"none","small_minn","covid_origins",11,1.18842810221014,-6.71576880163854
"lp","small_ss","covid_origins",11,0.962507989766496,-5.72038541823778
"none","small_ss","covid_origins",11,1.00542875902381,-5.40612923544836
"lp","small_sv","covid_origins",11,1.23019347516633,-2.52522515647224
"none","small_sv","covid_origins",11,1.23019347516633,-2.52522515647224
"lp","small_tight","covid_origins",11,1.22808570993113,-5.76499306052224
"none","small_tight","covid_origins",11,1.34664175705264,-6.1748856655664
"lp","ucmean","covid_origins",11,0.6048139707443,-2.1521197787144
"none","ucmean","covid_origins",11,0.632401304091445,-2.35103644816534
"lp","ucsv","covid_origins",11,1.35036636711435,-8.2260176338605
"none","ucsv","covid_origins",11,1.35036636711435,-8.2260176338605
"lp","ar4","other_origins",11,0.844816174437694,-16.7125039666345
"none","ar4","other_origins",11,0.844816174437694,-16.7125039666345
"lp","combo_bma","other_origins",11,0.756104747935039,-1.67283948155205
"none","combo_bma","other_origins",11,0.756104747935039,-1.67283948155205
"lp","combo_equal","other_origins",11,0.7500770689111,-1.62819145739612
"none","combo_equal","other_origins",11,0.7500770689111,-1.62819145739612
"lp","combo_logscore","other_origins",11,0.752076172867258,-1.65753698208327
"none","combo_logscore","other_origins",11,0.752076172867258,-1.65753698208327
"lp","combo_pool","other_origins",11,0.753788062676171,-1.65735591037132
"none","combo_pool","other_origins",11,0.753788062676171,-1.65735591037132
"lp","medium_conj","other_origins",11,0.694769042143692,-Inf
"none","medium_conj","other_origins",11,0.694769042143692,-Inf
"lp","medium_minn","other_origins",11,0.773649853374957,-7.28564248757054
"none","medium_minn","other_origins",11,0.773649853374957,-7.28564248757054
"lp","rw","other_origins",11,0.670851705168271,-1.54422957266827
"none","rw","other_origins",11,0.670851705168271,-1.54422957266827
"lp","small_loose_p5","other_origins",11,0.85198871758776,-14.5417104722124
"none","small_loose_p5","other_origins",11,0.85198871758776,-14.5417104722124
"lp","small_minn","other_origins",11,0.706413924786796,-Inf
"none","small_minn","other_origins",11,0.706413924786796,-Inf
"lp","small_ss","other_origins",11,0.824859338126145,-15.1193583479496
"none","small_ss","other_origins",11,0.824859338126145,-15.1193583479496
"lp","small_sv","other_origins",11,0.793864758695685,-8.9602200672057
"none","small_sv","other_origins",11,0.793864758695685,-8.9602200672057
"lp","small_tight","other_origins",11,0.688807937410587,-Inf
"none","small_tight","other_origins",11,0.688807937410587,-Inf
"lp","ucmean","other_origins",11,1.23782156455363,-Inf
"none","ucmean","other_origins",11,1.23782156455363,-Inf
"lp","ucsv","other_origins",11,0.67545312924418,-13.359375603267
"none","ucsv","other_origins",11,0.67545312924418,-13.359375603267
"lp","ar4","covid_origins",12,1.00914985932126,-3.58917603054875
"none","ar4","covid_origins",12,1.12596861024056,-3.17446228012322
"lp","combo_bma","covid_origins",12,1.70542517246793,-3.15715892018075
"none","combo_bma","covid_origins",12,1.76514032767191,-3.37738766420319
"lp","combo_equal","covid_origins",12,1.08095981136805,-1.94647359315891
"none","combo_equal","covid_origins",12,1.1455193074646,-2.10548856725162
"lp","combo_logscore","covid_origins",12,1.44433324494457,-2.55631176657013
"none","combo_logscore","covid_origins",12,1.50530421785447,-2.74204884065263
"lp","combo_pool","covid_origins",12,1.27826788519371,-2.50281712442823
"none","combo_pool","covid_origins",12,1.34712325428929,-2.69958350703542
"lp","medium_conj","covid_origins",12,1.39556395788789,-3.94802369237507
"none","medium_conj","covid_origins",12,1.4763655128868,-4.04343323999631
"lp","medium_minn","covid_origins",12,1.59879499332076,-2.5595749942549
"none","medium_minn","covid_origins",12,1.59879499332076,-2.5595749942549
"lp","rw","covid_origins",12,1.71256603463288,-4.61055213474879
"none","rw","covid_origins",12,1.76257514736259,-3.43455987775932
"lp","small_loose_p5","covid_origins",12,0.985411814382009,-2.10542670351054
"none","small_loose_p5","covid_origins",12,1.10328730039397,-2.2109018874873
"lp","small_minn","covid_origins",12,1.13224159608454,-3.11121722926555
"none","small_minn","covid_origins",12,1.1981830648382,-3.0375345222439
"lp","small_ss","covid_origins",12,0.963736739158376,-2.84071334609274
"none","small_ss","covid_origins",12,1.02292175990421,-2.84622493146219
"lp","small_sv","covid_origins",12,1.2631007916968,-2.17130096380201
"none","small_sv","covid_origins",12,1.2631007916968,-2.17130096380201
"lp","small_tight","covid_origins",12,1.24137357254999,-3.54215627670803
"none","small_tight","covid_origins",12,1.35273057708923,-3.88536169041725
"lp","ucmean","covid_origins",12,0.583157886500188,-1.51505654947122
"none","ucmean","covid_origins",12,0.609540077048072,-1.65096711789388
"lp","ucsv","covid_origins",12,1.37491279758678,-5.21722956542341
"none","ucsv","covid_origins",12,1.37491279758678,-5.21722956542341
"lp","ar4","other_origins",12,0.897419212819488,-Inf
"none","ar4","other_origins",12,0.897419212819488,-Inf
"lp","combo_bma","other_origins",12,0.806442911768067,-1.79066507202163
"none","combo_bma","other_origins",12,0.806442911768067,-1.79066507202163
"lp","combo_equal","other_origins",12,0.792094959484889,-1.72211030444875
"none","combo_equal","other_origins",12,0.792094959484889,-1.72211030444875
"lp","combo_logscore","other_origins",12,0.797547381899972,-1.75557939359276
"none","combo_logscore","other_origins",12,0.797547381899972,-1.75557939359276
"lp","combo_pool","other_origins",12,0.795135003596955,-1.75556993812792
"none","combo_pool","other_origins",12,0.795135003596955,-1.75556993812792
"lp","medium_conj","other_origins",12,0.744894460467863,-Inf
"none","medium_conj","other_origins",12,0.744894460467863,-Inf
"lp","medium_minn","other_origins",12,0.844940107496443,-5.1049619688482
"none","medium_minn","other_origins",12,0.844940107496443,-5.1049619688482
"lp","rw","other_origins",12,0.711442538872305,-1.62211935044491
"none","rw","other_origins",12,0.711442538872305,-1.62211935044491
"lp","small_loose_p5","other_origins",12,0.901596209206585,-11.8555329562397
"none","small_loose_p5","other_origins",12,0.901596209206585,-11.8555329562397
"lp","small_minn","other_origins",12,0.75229985984528,-Inf
"none","small_minn","other_origins",12,0.75229985984528,-Inf
"lp","small_ss","other_origins",12,0.875494701926298,-16.5636527094544
"none","small_ss","other_origins",12,0.875494701926298,-16.5636527094544
"lp","small_sv","other_origins",12,0.837069205137515,-4.94365083480903
"none","small_sv","other_origins",12,0.837069205137515,-4.94365083480903
"lp","small_tight","other_origins",12,0.72703593450725,-17.5523852687599
"none","small_tight","other_origins",12,0.72703593450725,-17.5523852687599
"lp","ucmean","other_origins",12,1.26285554881655,-Inf
"none","ucmean","other_origins",12,1.26285554881655,-Inf
"lp","ucsv","other_origins",12,0.720610981810527,-11.589832154427
"none","ucsv","other_origins",12,0.720610981810527,-11.589832154427
